<?xml version="1.0" encoding="UTF-8"?>
<metadata xml:lang="zh"><Esri><CreaDate>20220924</CreaDate><CreaTime>08133800</CreaTime><SyncOnce>FALSE</SyncOnce><SyncDate>20130413</SyncDate><SyncTime>10513400</SyncTime><ModDate>20130413</ModDate><ModTime>10513400</ModTime><DataProperties><lineage><Process Name="FeatureClassToFeatureClass_26" ToolSource="C:\Program Files\ArcGIS\ArcToolbox\Toolboxes\Conversion Tools.tbx\FeatureClassToFeatureClass" Date="20100128" Time="161547">FeatureClassToFeatureClass "Database Connections\Connection to server09 (4).sde\sde_shp.SDE.shp\sde_shp.SDE.JZW_2008_PY_10000" D:\规划局成果数据 JZW_2008_PY_10000.shp # "NAME NAME true false false 128 Text 0 0 ,First,#,Database Connections\Connection to server09 (4).sde\sde_shp.SDE.shp\sde_shp.SDE.JZW_2008_PY_10000,NAME,-1,-1;FLOOR FLOOR true false false 128 Text 0 0 ,First,#,Database Connections\Connection to server09 (4).sde\sde_shp.SDE.shp\sde_shp.SDE.JZW_2008_PY_10000,FLOOR,-1,-1;CLASS CLASS true false false 8 Double 8 38 ,First,#,Database Connections\Connection to server09 (4).sde\sde_shp.SDE.shp\sde_shp.SDE.JZW_2008_PY_10000,CLASS,-1,-1;UPDATE_ UPDATE_ true true false 36 Date 0 0 ,First,#,Database Connections\Connection to server09 (4).sde\sde_shp.SDE.shp\sde_shp.SDE.JZW_2008_PY_10000,UPDATE_,-1,-1;MEMO_ MEMO_ true false false 128 Text 0 0 ,First,#,Database Connections\Connection to server09 (4).sde\sde_shp.SDE.shp\sde_shp.SDE.JZW_2008_PY_10000,MEMO_,-1,-1;SHAPE_Leng SHAPE_Leng true false false 8 Double 8 38 ,First,#,Database Connections\Connection to server09 (4).sde\sde_shp.SDE.shp\sde_shp.SDE.JZW_2008_PY_10000,SHAPE_Leng,-1,-1;area area false false true 0 Double 0 0 ,First,#,Database Connections\Connection to server09 (4).sde\sde_shp.SDE.shp\sde_shp.SDE.JZW_2008_PY_10000,SHAPE.area,-1,-1;len len false false true 0 Double 0 0 ,First,#,Database Connections\Connection to server09 (4).sde\sde_shp.SDE.shp\sde_shp.SDE.JZW_2008_PY_10000,SHAPE.len,-1,-1" # D:\规划局成果数据\JZW_2008_PY_10000.shp</Process><Process ToolSource="C:\Program Files\ArcGIS\ArcToolbox\Toolboxes\Data Management Tools.tbx\CopyFeatures" Date="20110525" Time="173202">CopyFeatures E:\深圳项目\Data\深圳数据\深圳市电子地图数据2009版成果\JZW_2009_PY_10000.shp E:\深圳项目\Data\SZData.gdb\JZW_2009_PY_10000 # 0 0 0</Process><Process ToolSource="e:\program files (x86)\arcgis\desktop10.0\ArcToolbox\Toolboxes\Data Management Tools.tbx\RepairGeometry" Date="20120306" Time="171733">RepairGeometry JZW_2009_PY_10000 DELETE_NULL</Process><Process ToolSource="D:\Program Files\ArcGIS\Desktop10.0\ArcToolbox\Toolboxes\Data Management Tools.tbx\CopyFeatures" Date="20130321" Time="224633">CopyFeatures G:\深圳\部署试验(武汉)\数据文件夹\SZData.gdb\JZW_2009_PY_10000 G:\深圳\部署试验(武汉)\数据文件夹\szshp\JZW_2009_PY_10000.shp # 0 0 0</Process><Process Name="Define Projection (9)" ToolSource="D:\Program Files\ArcGIS\Desktop10.0\ArcToolbox\Toolboxes\Data Management Tools.tbx\DefineProjection" Date="20130322" Time="162653">DefineProjection JZW_2009_PY_10000 PROJCS['Google_Maps_Global_Mercator',GEOGCS['GCS_WGS_1984',DATUM['D_WGS_1984',SPHEROID['WGS_1984',6378137.0,298.257223563]],PRIMEM['Greenwich',0.0],UNIT['Degree',0.0174532925199433]],PROJECTION['Mercator'],PARAMETER['false_easting',0.0],PARAMETER['false_northing',0.0],PARAMETER['central_meridian',0.0],PARAMETER['standard_parallel_1',0.0],PARAMETER['latitude_of_origin',0.0],UNIT['Meter',1.0]]</Process><Process ToolSource="D:\Program Files\ArcGIS\Desktop10.0\ArcToolbox\Toolboxes\Data Management Tools.tbx\Project" Date="20130322" Time="163527">Project G:\深圳\部署试验(武汉)\数据文件夹\转换后szdata\JZW_2009_PY_10000.shp "G:\深圳\部署试验(武汉)\数据文件夹\wgs84 szdata shp\JZW_2009_PY_10000.shp" GEOGCS['GCS_WGS_1984',DATUM['D_WGS_1984',SPHEROID['WGS_1984',6378137.0,298.257223563]],PRIMEM['Greenwich',0.0],UNIT['Degree',0.0174532925199433]] # PROJCS['Google_Maps_Global_Mercator',GEOGCS['GCS_WGS_1984',DATUM['D_WGS_1984',SPHEROID['WGS_1984',6378137.0,298.257223563]],PRIMEM['Greenwich',0.0],UNIT['Degree',0.0174532925199433]],PROJECTION['Mercator'],PARAMETER['false_easting',0.0],PARAMETER['false_northing',0.0],PARAMETER['central_meridian',0.0],PARAMETER['standard_parallel_1',0.0],PARAMETER['latitude_of_origin',0.0],UNIT['Meter',1.0]]</Process><Process ToolSource="D:\Program Files\ArcGIS\Desktop10.0\ArcToolbox\Toolboxes\Data Management Tools.tbx\CopyFeatures" Date="20130322" Time="212248">CopyFeatures "G:\深圳\部署试验(武汉)\数据文件夹\wgs84 szdata shp\JZW_2009_PY_10000.shp" G:\深圳\部署试验(武汉)\数据文件夹\gdb数据\SZData.gdb\JZW_2009_PY_10000 # 0 0 0</Process><Process ToolSource="C:\Program Files\ArcGIS\Desktop10.0\ArcToolbox\Toolboxes\Conversion Tools.tbx\FeatureClassToFeatureClass" Date="20130413" Time="105218">FeatureClassToFeatureClass E:\DATA\SZData.gdb\JZW_2009_PY_10000 E:\FileDataBase\Shenzhen\Basics\建筑物 Building_PY_1w.shp # "NAME "NAME" true true false 128 Text 0 0 ,First,#,E:\DATA\SZData.gdb\JZW_2009_PY_10000,NAME,-1,-1;FLOOR "FLOOR" true true false 128 Text 0 0 ,First,#,E:\DATA\SZData.gdb\JZW_2009_PY_10000,FLOOR,-1,-1;CLASS "CLASS" true true false 8 Double 0 0 ,First,#,E:\DATA\SZData.gdb\JZW_2009_PY_10000,CLASS,-1,-1;UPDATE_ "UPDATE_" true true false 8 Date 0 0 ,First,#,E:\DATA\SZData.gdb\JZW_2009_PY_10000,UPDATE_,-1,-1;MEMO_ "MEMO_" true true false 128 Text 0 0 ,First,#,E:\DATA\SZData.gdb\JZW_2009_PY_10000,MEMO_,-1,-1;SHAPE_Leng "SHAPE_Leng" true true false 8 Double 0 0 ,First,#,E:\DATA\SZData.gdb\JZW_2009_PY_10000,SHAPE_Leng,-1,-1;area "area" true true false 8 Double 0 0 ,First,#,E:\DATA\SZData.gdb\JZW_2009_PY_10000,area,-1,-1;len "len" true true false 8 Double 0 0 ,First,#,E:\DATA\SZData.gdb\JZW_2009_PY_10000,len,-1,-1;Shape_Le_1 "Shape_Le_1" true true false 8 Double 0 0 ,First,#,E:\DATA\SZData.gdb\JZW_2009_PY_10000,Shape_Le_1,-1,-1;BUID_10000 "BUID_10000" true true false 4 Long 0 0 ,First,#,E:\DATA\SZData.gdb\JZW_2009_PY_10000,BUID_10000,-1,-1;Shape_Le_2 "Shape_Length" false true true 8 Double 0 0 ,First,#,E:\DATA\SZData.gdb\JZW_2009_PY_10000,Shape_Length,-1,-1;Shape_Area "Shape_Area" false true true 8 Double 0 0 ,First,#,E:\DATA\SZData.gdb\JZW_2009_PY_10000,Shape_Area,-1,-1" #</Process><Process ToolSource="d:\program files (x86)\arcgis\desktop10.4\ArcToolbox\Toolboxes\Data Management Tools.tbx\CalculateField" Date="20220110" Time="120128">CalculateField 研究区建筑物 identify "矩形" VB #</Process><Process ToolSource="d:\program files (x86)\arcgis\desktop10.4\ArcToolbox\Toolboxes\Data Management Tools.tbx\CalculateField" Date="20220110" Time="121601">CalculateField 研究区建筑物 identify "C形" VB #</Process><Process ToolSource="d:\program files (x86)\arcgis\desktop10.4\ArcToolbox\Toolboxes\Data Management Tools.tbx\CalculateField" Date="20220110" Time="121932">CalculateField 研究区建筑物 identify "L形" VB #</Process><Process ToolSource="d:\program files (x86)\arcgis\desktop10.4\ArcToolbox\Toolboxes\Data Management Tools.tbx\CalculateField" Date="20220110" Time="122424">CalculateField 研究区建筑物 identify "阶梯形" VB #</Process><Process ToolSource="d:\program files (x86)\arcgis\desktop10.4\ArcToolbox\Toolboxes\Data Management Tools.tbx\CalculateField" Date="20220110" Time="122503">CalculateField 研究区建筑物 identify "阶梯形1" VB #</Process><Process ToolSource="d:\program files (x86)\arcgis\desktop10.4\ArcToolbox\Toolboxes\Data Management Tools.tbx\CalculateField" Date="20220110" Time="140952">CalculateField 研究区建筑物 identify "T形" VB #</Process><Process ToolSource="d:\program files (x86)\arcgis\desktop10.4\ArcToolbox\Toolboxes\Data Management Tools.tbx\CalculateField" Date="20220110" Time="142218">CalculateField 研究区建筑物 identify "E形" VB #</Process><Process ToolSource="d:\program files (x86)\arcgis\desktop10.4\ArcToolbox\Toolboxes\Data Management Tools.tbx\CalculateField" Date="20220110" Time="142504">CalculateField 研究区建筑物 identify "E形" VB #</Process><Process ToolSource="d:\program files (x86)\arcgis\desktop10.4\ArcToolbox\Toolboxes\Data Management Tools.tbx\CalculateField" Date="20220110" Time="145911">CalculateField 研究区建筑物 identify "十字形" VB #</Process><Process ToolSource="d:\program files (x86)\arcgis\desktop10.4\ArcToolbox\Toolboxes\Data Management Tools.tbx\CalculateField" Date="20220111" Time="111655">CalculateField 210 identify "矩形" VB #</Process><Process ToolSource="d:\program files (x86)\arcgis\desktop10.4\ArcToolbox\Toolboxes\Data Management Tools.tbx\CalculateField" Date="20220111" Time="111831">CalculateField 210 ID 1 VB #</Process><Process ToolSource="d:\program files (x86)\arcgis\desktop10.4\ArcToolbox\Toolboxes\Data Management Tools.tbx\CalculateField" Date="20220111" Time="121452">CalculateField 210 identify "L型" VB #</Process><Process ToolSource="d:\program files (x86)\arcgis\desktop10.4\ArcToolbox\Toolboxes\Data Management Tools.tbx\CalculateField" Date="20220111" Time="121500">CalculateField 210 ID 2 VB #</Process><Process ToolSource="d:\program files (x86)\arcgis\desktop10.4\ArcToolbox\Toolboxes\Data Management Tools.tbx\CalculateField" Date="20220111" Time="142423">CalculateField 210 ID 3 VB #</Process><Process ToolSource="d:\program files (x86)\arcgis\desktop10.4\ArcToolbox\Toolboxes\Data Management Tools.tbx\CalculateField" Date="20220111" Time="142436">CalculateField 210 identify "E型" VB #</Process><Process ToolSource="d:\program files (x86)\arcgis\desktop10.4\ArcToolbox\Toolboxes\Data Management Tools.tbx\CalculateField" Date="20220111" Time="150526">CalculateField 210 ID 4 VB #</Process><Process ToolSource="d:\program files (x86)\arcgis\desktop10.4\ArcToolbox\Toolboxes\Data Management Tools.tbx\CalculateField" Date="20220111" Time="150539">CalculateField 210 identify "十字型" VB #</Process><Process ToolSource="d:\program files (x86)\arcgis\desktop10.4\ArcToolbox\Toolboxes\Data Management Tools.tbx\CalculateField" Date="20220111" Time="150747">CalculateField 210 identify "十字型" VB #</Process><Process ToolSource="d:\program files (x86)\arcgis\desktop10.4\ArcToolbox\Toolboxes\Data Management Tools.tbx\CalculateField" Date="20220111" Time="150752">CalculateField 210 ID 2 VB #</Process><Process ToolSource="d:\program files (x86)\arcgis\desktop10.4\ArcToolbox\Toolboxes\Data Management Tools.tbx\CalculateField" Date="20220111" Time="164837">CalculateField 210 ID 5 VB #</Process><Process ToolSource="d:\program files (x86)\arcgis\desktop10.4\ArcToolbox\Toolboxes\Data Management Tools.tbx\CalculateField" Date="20220111" Time="164852">CalculateField 210 identify "C型" VB #</Process><Process ToolSource="d:\program files (x86)\arcgis\desktop10.4\ArcToolbox\Toolboxes\Data Management Tools.tbx\CalculateField" Date="20220111" Time="174041">CalculateField 210 ID 5 VB #</Process><Process ToolSource="d:\program files (x86)\arcgis\desktop10.4\ArcToolbox\Toolboxes\Data Management Tools.tbx\CalculateField" Date="20220111" Time="174052">CalculateField 210 identify "T型" VB #</Process><Process ToolSource="d:\program files (x86)\arcgis\desktop10.4\ArcToolbox\Toolboxes\Data Management Tools.tbx\CalculateField" Date="20220111" Time="181258">CalculateField 210 ID 6 VB #</Process><Process ToolSource="d:\program files (x86)\arcgis\desktop10.4\ArcToolbox\Toolboxes\Data Management Tools.tbx\CalculateField" Date="20220111" Time="181313">CalculateField 210 identify "阶梯型" VB #</Process><Process ToolSource="d:\program files (x86)\arcgis\desktop10.4\ArcToolbox\Toolboxes\Data Management Tools.tbx\CalculateField" Date="20220111" Time="181950">CalculateField 210 ID 6 VB #</Process><Process ToolSource="d:\program files (x86)\arcgis\desktop10.4\ArcToolbox\Toolboxes\Data Management Tools.tbx\CalculateField" Date="20220111" Time="182015">CalculateField 210 ID 7 VB #</Process><Process ToolSource="d:\program files (x86)\arcgis\desktop10.4\ArcToolbox\Toolboxes\Data Management Tools.tbx\CalculateField" Date="20220115" Time="165954">CalculateField 210 identify "阶梯型" VB #</Process><Process ToolSource="d:\program files (x86)\arcgis\desktop10.4\ArcToolbox\Toolboxes\Data Management Tools.tbx\CalculateField" Date="20220115" Time="170004">CalculateField 210 ID 7 VB #</Process><Process ToolSource="d:\program files (x86)\arcgis\desktop10.4\ArcToolbox\Toolboxes\Data Management Tools.tbx\CalculateField" Date="20220722" Time="125627">CalculateField 480 ID 8 VB #</Process><Process ToolSource="d:\program files (x86)\arcgis\desktop10.4\ArcToolbox\Toolboxes\Data Management Tools.tbx\CalculateField" Date="20220722" Time="130359">CalculateField 480 ID 8 VB #</Process></lineage><itemProps><itemName Sync="TRUE">Building_PY_1w</itemName><imsContentType Sync="TRUE">002</imsContentType><itemSize Sync="TRUE">0.000</itemSize><itemLocation><linkage Sync="TRUE">file://\\CARTOGEN\E$\FileDataBase\Shenzhen\Basics\建筑物\Building_PY_1w.shp</linkage><protocol Sync="TRUE">Local Area Network</protocol></itemLocation></itemProps><coordRef><type Sync="TRUE">Geographic</type><geogcsn Sync="TRUE">GCS_WGS_1984</geogcsn><peXml Sync="TRUE">&lt;GeographicCoordinateSystem xsi:type='typens:GeographicCoordinateSystem' xmlns:xsi='http://www.w3.org/2001/XMLSchema-instance' xmlns:xs='http://www.w3.org/2001/XMLSchema' xmlns:typens='http://www.esri.com/schemas/ArcGIS/10.0'&gt;&lt;WKT&gt;GEOGCS[&amp;quot;GCS_WGS_1984&amp;quot;,DATUM[&amp;quot;D_WGS_1984&amp;quot;,SPHEROID[&amp;quot;WGS_1984&amp;quot;,6378137.0,298.257223563]],PRIMEM[&amp;quot;Greenwich&amp;quot;,0.0],UNIT[&amp;quot;Degree&amp;quot;,0.0174532925199433],AUTHORITY[&amp;quot;EPSG&amp;quot;,4326]]&lt;/WKT&gt;&lt;XOrigin&gt;-399.99999999999989&lt;/XOrigin&gt;&lt;YOrigin&gt;-399.99999999999989&lt;/YOrigin&gt;&lt;XYScale&gt;11258999068426.24&lt;/XYScale&gt;&lt;ZOrigin&gt;-100000&lt;/ZOrigin&gt;&lt;ZScale&gt;10000&lt;/ZScale&gt;&lt;MOrigin&gt;-100000&lt;/MOrigin&gt;&lt;MScale&gt;10000&lt;/MScale&gt;&lt;XYTolerance&gt;8.9831528411952133e-009&lt;/XYTolerance&gt;&lt;ZTolerance&gt;0.001&lt;/ZTolerance&gt;&lt;MTolerance&gt;0.001&lt;/MTolerance&gt;&lt;HighPrecision&gt;true&lt;/HighPrecision&gt;&lt;LeftLongitude&gt;-180&lt;/LeftLongitude&gt;&lt;WKID&gt;4326&lt;/WKID&gt;&lt;/GeographicCoordinateSystem&gt;</peXml></coordRef></DataProperties><ArcGISFormat>1.0</ArcGISFormat></Esri><idinfo><native Sync="TRUE">Microsoft Windows XP Version 5.1 (Build 2600) Service Pack 3; ESRI ArcCatalog 9.3.0.1770</native><descript><langdata Sync="TRUE">zh</langdata><abstract>REQUIRED: A brief narrative summary of the data set.</abstract><purpose>REQUIRED: A summary of the intentions with which the data set was developed.</purpose></descript><citation><citeinfo><origin>REQUIRED: The name of an organization or individual that developed the data set.</origin><pubdate>REQUIRED: The date when the data set is published or otherwise made available for release.</pubdate><title Sync="TRUE">JZW_2009_PY_10000</title><ftname Sync="TRUE">JZW_2009_PY_10000</ftname><geoform Sync="TRUE">vector digital data</geoform><onlink Sync="TRUE">\\CHENG\E\深圳项目\Data\SZData.gdb</onlink></citeinfo></citation><timeperd><current>REQUIRED: The basis on which the time period of content information is determined.</current><timeinfo><sngdate><caldate>REQUIRED: The year (and optionally month, or month and day) for which the data set corresponds to the ground.</caldate></sngdate></timeinfo></timeperd><status><progress>REQUIRED: The state of the data set.</progress><update>REQUIRED: The frequency with which changes and additions are made to the data set after the initial data set is completed.</update></status><spdom><bounding><westbc Sync="TRUE">REQUIRED: Western-most coordinate of the limit of coverage expressed in longitude.</westbc><eastbc Sync="TRUE">REQUIRED: Eastern-most coordinate of the limit of coverage expressed in longitude.</eastbc><northbc Sync="TRUE">REQUIRED: Northern-most coordinate of the limit of coverage expressed in latitude.</northbc><southbc Sync="TRUE">REQUIRED: Southern-most coordinate of the limit of coverage expressed in latitude.</southbc></bounding></spdom><keywords><theme><themekt>REQUIRED: Reference to a formally registered thesaurus or a similar authoritative source of theme keywords.</themekt><themekey>REQUIRED: Common-use word or phrase used to describe the subject of the data set.</themekey></theme></keywords><accconst>REQUIRED: Restrictions and legal prerequisites for accessing the data set.</accconst><useconst>REQUIRED: Restrictions and legal prerequisites for using the data set after access is granted.</useconst><natvform Sync="TRUE">File Geodatabase Feature Class</natvform></idinfo><dataIdInfo><envirDesc Sync="TRUE">Microsoft Windows Server 2003 Version 5.2 (Build 3790) Service Pack 2; ESRI ArcGIS 10.0.0.2414</envirDesc><dataLang><languageCode Sync="TRUE" value="zh" country="CN"></languageCode></dataLang><idCitation><resTitle Sync="TRUE">Building_PY_1w</resTitle><presForm><PresFormCd Sync="TRUE" value="005"></PresFormCd></presForm></idCitation><spatRpType><SpatRepTypCd Sync="TRUE" value="001"></SpatRepTypCd></spatRpType><descKeys><thesaName uuidref="723f6998-058e-11dc-8314-0800200c9a66"></thesaName><keyword Sync="TRUE">002</keyword></descKeys></dataIdInfo><metainfo><langmeta Sync="TRUE">zh</langmeta><metstdn Sync="TRUE">FGDC Content Standards for Digital Geospatial Metadata</metstdn><metstdv Sync="TRUE">FGDC-STD-001-1998</metstdv><mettc Sync="TRUE">local time</mettc><metc><cntinfo><cntorgp><cntper>REQUIRED: The person responsible for the metadata information.</cntper><cntorg>REQUIRED: The organization responsible for the metadata information.</cntorg></cntorgp><cntaddr><addrtype>REQUIRED: The mailing and/or physical address for the organization or individual.</addrtype><city>REQUIRED: The city of the address.</city><state>REQUIRED: The state or province of the address.</state><postal>REQUIRED: The ZIP or other postal code of the address.</postal></cntaddr><cntvoice>REQUIRED: The telephone number by which individuals can speak to the organization or individual.</cntvoice></cntinfo></metc><metd Sync="TRUE">20110525</metd></metainfo><mdLang><languageCode Sync="TRUE" value="zh"></languageCode></mdLang><mdStanName Sync="TRUE">ISO 19115 Geographic Information - Metadata</mdStanName><mdStanVer Sync="TRUE">DIS_ESRI1.0</mdStanVer><mdChar><CharSetCd Sync="TRUE" value="004"></CharSetCd></mdChar><mdHrLv><ScopeCd Sync="TRUE" value="005"></ScopeCd></mdHrLv><mdHrLvName Sync="TRUE">dataset</mdHrLvName><distinfo><resdesc Sync="TRUE">Downloadable Data</resdesc><stdorder><digform><digtinfo><transize Sync="TRUE">0.000</transize><dssize Sync="TRUE">0.000</dssize></digtinfo></digform></stdorder></distinfo><distInfo><distributor><distorTran><onLineSrc><orDesc Sync="TRUE">002</orDesc><linkage Sync="TRUE">file://\\CHENG\E\深圳项目\Data\SZData.gdb</linkage><protocol Sync="TRUE">Local Area Network</protocol></onLineSrc><transSize Sync="TRUE">0.000</transSize></distorTran><distorFormat><formatName Sync="TRUE">File Geodatabase Feature Class</formatName></distorFormat></distributor><distFormat><formatName Sync="TRUE">Shapefile</formatName></distFormat><distTranOps><transSize Sync="TRUE">0.000</transSize></distTranOps></distInfo><spdoinfo><direct Sync="TRUE">Vector</direct><ptvctinf><esriterm Name="Building_PY_1w"><efeatyp Sync="TRUE">Simple</efeatyp><efeageom Sync="TRUE">4</efeageom><esritopo Sync="TRUE">FALSE</esritopo><efeacnt Sync="TRUE">0</efeacnt><spindex Sync="TRUE">FALSE</spindex><linrefer Sync="TRUE">FALSE</linrefer></esriterm></ptvctinf></spdoinfo><spatRepInfo><VectSpatRep><topLvl><TopoLevCd Sync="TRUE" value="001"></TopoLevCd></topLvl><geometObjs Name="JZW_2009_PY_10000"><geoObjTyp><GeoObjTypCd Sync="TRUE" value="002"></GeoObjTypCd><geoObjCnt Sync="TRUE">0</geoObjCnt></geoObjTyp><geoObjCnt Sync="TRUE">0</geoObjCnt></geometObjs></VectSpatRep></spatRepInfo><eainfo><detailed Name="Building_PY_1w"><enttyp><enttypl Sync="TRUE">Building_PY_1w</enttypl><enttypt Sync="TRUE">Feature Class</enttypt><enttypc Sync="TRUE">0</enttypc></enttyp><attr><attrlabl Sync="TRUE">FID</attrlabl><attalias Sync="TRUE">FID</attalias><attrtype Sync="TRUE">OID</attrtype><attwidth Sync="TRUE">4</attwidth><atprecis Sync="TRUE">0</atprecis><attscale Sync="TRUE">0</attscale><attrdef Sync="TRUE">Internal feature number.</attrdef><attrdefs Sync="TRUE">ESRI</attrdefs><attrdomv><udom Sync="TRUE">Sequential unique whole numbers that are automatically generated.</udom></attrdomv></attr><attr><attrlabl Sync="TRUE">Shape</attrlabl><attalias Sync="TRUE">Shape</attalias><attrtype Sync="TRUE">Geometry</attrtype><attwidth Sync="TRUE">0</attwidth><atprecis Sync="TRUE">0</atprecis><attscale Sync="TRUE">0</attscale><attrdef Sync="TRUE">Feature geometry.</attrdef><attrdefs Sync="TRUE">ESRI</attrdefs><attrdomv><udom Sync="TRUE">Coordinates defining the features.</udom></attrdomv></attr><attr><attrlabl Sync="TRUE">NAME</attrlabl><attalias Sync="TRUE">NAME</attalias><attrtype Sync="TRUE">String</attrtype><attwidth Sync="TRUE">128</attwidth><atprecis Sync="TRUE">0</atprecis><attscale Sync="TRUE">0</attscale></attr><attr><attrlabl Sync="TRUE">FLOOR</attrlabl><attalias Sync="TRUE">FLOOR</attalias><attrtype Sync="TRUE">String</attrtype><attwidth Sync="TRUE">128</attwidth><atprecis Sync="TRUE">0</atprecis><attscale Sync="TRUE">0</attscale></attr><attr><attrlabl Sync="TRUE">CLASS</attrlabl><attalias Sync="TRUE">CLASS</attalias><attrtype Sync="TRUE">Double</attrtype><attwidth Sync="TRUE">19</attwidth><atprecis Sync="TRUE">0</atprecis><attscale Sync="TRUE">0</attscale></attr><attr><attrlabl Sync="TRUE">UPDATE_</attrlabl><attalias Sync="TRUE">UPDATE_</attalias><attrtype Sync="TRUE">Date</attrtype><attwidth Sync="TRUE">8</attwidth><atprecis Sync="TRUE">0</atprecis><attscale Sync="TRUE">0</attscale></attr><attr><attrlabl Sync="TRUE">MEMO_</attrlabl><attalias Sync="TRUE">MEMO_</attalias><attrtype Sync="TRUE">String</attrtype><attwidth Sync="TRUE">128</attwidth><atprecis Sync="TRUE">0</atprecis><attscale Sync="TRUE">0</attscale></attr><attr><attrlabl Sync="TRUE">SHAPE_Leng</attrlabl><attalias Sync="TRUE">SHAPE_Leng</attalias><attrtype Sync="TRUE">Double</attrtype><attwidth Sync="TRUE">19</attwidth><atprecis Sync="TRUE">0</atprecis><attscale Sync="TRUE">0</attscale></attr><attr><attrlabl Sync="TRUE">area</attrlabl><attalias Sync="TRUE">area</attalias><attrtype Sync="TRUE">Double</attrtype><attwidth Sync="TRUE">19</attwidth><atprecis Sync="TRUE">0</atprecis><attscale Sync="TRUE">0</attscale></attr><attr><attrlabl Sync="TRUE">len</attrlabl><attalias Sync="TRUE">len</attalias><attrtype Sync="TRUE">Double</attrtype><attwidth Sync="TRUE">19</attwidth><atprecis Sync="TRUE">0</atprecis><attscale Sync="TRUE">0</attscale></attr><attr><attrlabl Sync="TRUE">Shape_Le_1</attrlabl><attalias Sync="TRUE">Shape_Le_1</attalias><attrtype Sync="TRUE">Double</attrtype><attwidth Sync="TRUE">19</attwidth><atprecis Sync="TRUE">0</atprecis><attscale Sync="TRUE">0</attscale></attr><attr><attrlabl Sync="TRUE">Shape_Area</attrlabl><attalias Sync="TRUE">Shape_Area</attalias><attrtype Sync="TRUE">Double</attrtype><attwidth Sync="TRUE">19</attwidth><atprecis Sync="TRUE">0</atprecis><attscale Sync="TRUE">0</attscale><attrdef Sync="TRUE">Area of feature in internal units squared.</attrdef><attrdefs Sync="TRUE">ESRI</attrdefs><attrdomv><udom Sync="TRUE">Positive real numbers that are automatically generated.</udom></attrdomv></attr><attr><attrlabl Sync="TRUE">Shape_Le_2</attrlabl><attalias Sync="TRUE">Shape_Le_2</attalias><attrtype Sync="TRUE">Double</attrtype><attwidth Sync="TRUE">19</attwidth><atprecis Sync="TRUE">0</atprecis><attscale Sync="TRUE">0</attscale></attr><attr><attrlabl Sync="TRUE">BUID_10000</attrlabl><attalias Sync="TRUE">BUID_10000</attalias><attrtype Sync="TRUE">Integer</attrtype><attwidth Sync="TRUE">9</attwidth><atprecis Sync="TRUE">9</atprecis><attscale Sync="TRUE">0</attscale></attr></detailed></eainfo><mdDateSt Sync="TRUE">20130413</mdDateSt><refSysInfo><RefSystem><refSysID><identCode code="4326"></identCode><idCodeSpace Sync="TRUE">EPSG</idCodeSpace><idVersion Sync="TRUE">7.4.1</idVersion></refSysID></RefSystem></refSysInfo></metadata>
